multi_agent_demos,distilled_source_demos,method,checkpoint_steps,coordination_pct,place_return_pct,wipe_pct,combined_source_pct
20,20,ALTER,500000,35.0,99.0,95.0,97.0
20,20,FS,200000,13.5,56.0,9.0,32.5
20,20,FT-mixed,200000,33.0,55.0,37.0,46.0
20,0,FT-multi,200000,29.5,0.0,40.0,20.0
40,40,ALTER,300000,71.5,100.0,95.0,97.5
40,40,FS,900000,28.0,75.0,14.0,44.5
40,40,FT-mixed,400000,59.5,84.0,81.0,82.5
40,0,FT-multi,300000,50.5,0.0,68.0,34.0
60,60,ALTER,500000,87.0,99.0,95.0,97.0
60,60,FS,400000,59.0,76.0,46.0,61.0
60,60,FT-mixed,500000,63.5,83.0,82.0,82.5
60,0,FT-multi,200000,58.5,0.0,50.0,25.0
